		R1header	R1qual	R1seq	R2header	R2qual	R2seq
3	0	@NS500151:4:HW7LYBGXY:3:11401:14518:1052:1:N:0:GGNCTCCT+ATAGAGAG:AGGTCGGGGGCCA	AAAAAEEEEEEEEEEEEEEEEEEEEEEEEEEEEEEEEEEEEEEEEEEEEEEEEEEEEEEEEEEEEEEEEEEEEEEEEEEEEEAEEEEEEEEEEEEEAEEEEEEEEEEEEEEEEEEEEEEEEEEEEEEEAEEEAEEEEEEEEEEEEEEEE/E	CGCGGGCTTGGTTCTGATGTTTGTAGTGTAGCACAGCTTCGAAGTTCATCACTGCCCACGCATGCCAGGCCTGGTTGGGGAGAAAGGCAAGGACAGACACTGGAGCTGTGACCAACAGCAGGGCTCAGAGGAGCGCAAGGTCGATGCTGAG	@NS500151:4:HW7LYBGXY:3:11401:14518:1052:2:N:0:GGNCTCCT+ATAGAGAG:AGGTCGGGGGCCA	EEEEEEEEEEEE/EEEEEEE/EEEEEEEEEEEEAEEEEEEEEEAEEEEEEE/EEEEEEEEEEEEEEE/<EEEEEEEAEEAEEA6EEEEEEEEEEEEE<EEEEEEEEE<EEEEEEAEE/EEAEEE	TTTGCTTTATGGACACACAGAACAGGCAGGAGCAGCTGTTCCTCAGCATCGACCTTGCGCTCCTCTGAGCCCTGCTGTTGGTCACAGCTCCAGTGTCTGTCCTTGCCTTTCTCCCCAACCAGGC
3	1	@NS500151:4:HW7LYBGXY:3:11401:5762:1052:1:N:0:GGNCTCCT+ATAGAGAG:GGGTCACCCTGGA	AAAAAEEEEEEEEEEEEEEEEEEEEEEEEEEEEEEEEEEEEEAEEEEEEEEEEEEEEEEEEEEEEEEEEEEEEEEEEEE/EEEEE<EEEEEAEEEEEEEEEEEEEEE/EEEEEEEEEEAEEEEEAEAEEEEE<AEEEAEEEEEE</EE/</	AGCCCCGCAGTTTCTCATTGAGGTAGAATTACTACTGCCACCACCTGACCTAGCCTCACCCCTTCATTGTGGCACTCAGAGCCAGACCAAGCACATACTAGCAAGCAGGTGCCTACAGACGGGGAGGTGAGGTTCCCCTTGCTCACCTGAG	@NS500151:4:HW7LYBGXY:3:11401:5762:1052:2:N:0:GGNCTCCT+ATAGAGAG:GGGTCACCCTGGA	AAEAEEEEEEEEEEEEEEEEEE/EEEEEEEEEEEEEEEEEEEE<EEEEAE6EEEEEEEEEEEEEEE<EEEEEEEEEEEEEEEEEEEEEAEAEEAEEEEEEE/EEEEEEEEEEEEEEEEEEEEEEAEE	GAGGCATCAGAAGTGGGAAGAGAAGCTCAGGTGAGCAAGGGGAACCTCACCTCCCCGTCTGTAGGCACCTGCTTGCTAGTATGTGCTTGGTCTGGCTCTGAGTGCCACAATGAAGGGGTGAGGCTAG
3	2	@NS500151:4:HW7LYBGXY:3:11401:18764:1053:1:N:0:GGNCTCCT+ATAGAGAG:GGGTGTCTACGCA	AAAAAEEEEEEEEEEEEEEEEEEEEEEEEEEEEEEEEEEEEEEEEEEEEEEEEEEEEEEEEEEEEEEEEEE/EEEEEEEAEEAEEEEEEEEEEEEEEEEEEEEEEEEEEEEEEEEEEEEEEEEEEEEEEEEEEEEEE<EEEEEEEE/AEE	CTTCTACAATAGCCGGCTTATTACTAGAGCAGACAGATAGCACCTTCAGCACTCTGCTTGTGGTCCACAGTAGTTTTTCGTAAGTATAGGTCCTCATTATATTTACTAAAGCTTGGGGTCCACCACTAGAGGACTCCAATGCGTAGACAC	@NS500151:4:HW7LYBGXY:3:11401:18764:1053:2:N:0:GGNCTCCT+ATAGAGAG:GGGTGTCTACGCA	EEEEEEEEEAEEEEEEEEEEEEEEEEEEEEEEEEEEEAEEEEEEEEEEEE/EEEAE/EEEEEEEEEEEEEE/EEEEEEEEEEEEEAEEEEEEEEEEEEAEEEEEEEEEEEEAEEEAEEAE/6<EAAE	TAGTGGTGGACCCCAAGCTTTAGTAAATATAATGAGGACCTATACTTACGAAAAACTACTGTGGACCACAAGCAGAGTGCTGAAGGTGCTATCTGTCTGCTCTAGTAATAAGCCGGCTATTGTAGAA
3	3	@NS500151:4:HW7LYBGXY:3:11401:10510:1053:1:N:0:GGNCTCCT+ATAGAGAG:TGGGAAATTATCA	AAAAAEEEEEEEEEEEEEAEEEEEEEEEEEEEEEEEEEEEEEEEEEEEEEEEEEEEEEEEEEEEEEEEEEEEEEEEEEEEEEEEEEEEEEEEEEEEEEEEEEEEEAEEEEEEEEEEEEEEEE<EEEEEEEEAE	TGCCACCTTATTTTGCTAACTATTAGGTGTTAATTGTGTTAGCTAAAGTTGGTACTCTTAATGCTTACCTGTTGCAGACTGAGAATAAGGGTCTTAGCACACTGAATTTTAGGACTCCAATGATAATTTCCCA	@NS500151:4:HW7LYBGXY:3:11401:10510:1053:2:N:0:GGNCTCCT+ATAGAGAG:TGGGAAATTATCA	EEEEEEEEEEEEEEEEEEEEEEEEEEEEEEEEEEEEEEEEEEEEEEEEEEEEEEEEEEEEEEEEEEEEEEEEEEEEEEEEEEEEEEEEEEEEEEEEEEEEEEEEEEEAEEEEEEEEEEEEEEEEEE	AAATTCAGTGTGCTAAGACCCTTATTCTCAGTCTGCAACAGGTAAGCATTAAGAGTACCAACTTTAGCTAACACAATTAACACCTAATAGTTAGCAAAATAAGGTGGCACAAAACGCAATACTGTA
3	4	@NS500151:4:HW7LYBGXY:3:11401:23686:1053:1:N:0:GGNCTCCT+ATAGAGAG:CAGATGTTTAGTC	AAAAAEEEEA/A////E/EE/EEEE6///E/<EE//E///</EE///EE//E/E//EEE//AAE/E/E//E/E/EE//<//6///<E///<AEE//AE/E/A//6<//<//E///A/E/AE<EA/6/<AE////////E6E/A/A//A/A	AAATATTCTGAGGGCTGTTTTTAATGCCATATCTCTCGCTCTTTTTTAAGCTATCCTTATGATAATGTCAACAAAGATCGAGTAGCTATAAAGAAAATCATCCACTTTGAGAGTACACCAATACTAAACATCTGCTGTCTCTTATAACAC	@NS500151:4:HW7LYBGXY:3:11401:23686:1053:2:N:0:GGNCTCCT+ATAGAGAG:CAGATGTTTAGTC	//EEE6EE/EE/AE//E////AEE/E/EE/E/AEEE///EEA/EEE////AEEE/<////<//<AEEE//E/AAE/E////<//////EE</////<6//6//EE/E////<E/////E//E////A	GCAAAGGGGCTGATTTTCGTGATAGCTACTCGAACTTTGTTGCCATTATCATAAGCAGAGCTGAAAAAAGATAGAGAGAGATGGCATAAAAAACAGCCCACACAATAATACAAAAAGAAATACATTA
3	5	@NS500151:4:HW7LYBGXY:3:11401:13317:1053:1:N:0:GGNCTCCT+ATAGAGAG:CCATGGGGGCGCG	AA6AAEEEEEE/EEEEEEEEEEEEEE/EEEEEE/EAEEAEEEEEEEEEEEAEEEEEEEEEEEEEEEEAEEE/EEEEEEEEEEEEEEEEEAEEEEEAEEEEA<EEEEEEEE<EEEA6E/EEEEEEEEEEEEEEEEEAEEAEEAEEEEEEEE	TGAGCCGAGCCAGCCCAAAGTCGGCCACTTTGCACACCAGGTTCTCTCCCACCAGGATGTTGGCTGCACGAAGGTCCCGGTGGACGTAGTTCATCCGCTCCACGTACGCCATGCCTGAGGCGATCTGCAGGCGGAACCGTGGGAGCCTGG	@NS500151:4:HW7LYBGXY:3:11401:13317:1053:2:N:0:GGNCTCCT+ATAGAGAG:CCATGGGGGCGCG	EEEEEEEEEEEEEEEEEEEEEEEEEEEEEEEEEEEEEEEEEEEEEEEEEAEEEE/AAEAEEEEAEEEEE<<EEEEEEEAEE/EEEEAEEEEE/EEEEEE/EEEEEEAEEE<EEEEAEEE/EEEEEEE	TTTGCACATGGGATGGCACACATATCTATTCTGTATCAAGGACACTATCATCTGACCATATCAAGCTGGAAACATCACCACTATCTGGACAGTTGGACATGTTTAATTGCAAAAATTAGTATATACG
3	6	@NS500151:4:HW7LYBGXY:3:11401:4094:1053:1:N:0:GGACTCCT+ATAGAGAG:GTGCCATGCGGAA	AAAAAEEEEEEEEEEEEEEEEEEEEEEEEEEEEEEEEEEEEEAEEEAEEEEEEEEAEEEEEEEEEEEEEEEEEEEEEEEEEEEEEEEEEEEEEAAEEEEEEEAEEEEEEEE<EEEEEEAEEEEEAAEEEEAEEE/EE<AEEEA	AATCTATTATTCGGTGTAGACTCTAATCGGGCAATTTTAATTGGAGGGTCATAATCCTCATCCTCTATAAACCGCCGAGGGGTCTTAATGATCCGCGAGGAGATAGCACTGACAACAGGCAGGACTCCAATTCCGCATGGCAC	@NS500151:4:HW7LYBGXY:3:11401:4094:1053:2:N:0:GGACTCCT+ATAGAGAG:GTGCCATGCGGAA	EE/EEEEEEEAEEAEEEEEEEEEEEE/EEEEEEEEEAEEEEEEA/EEEE/EEEEEEEEEEAEEEEEEEE//E6AEEEEE<EEEEEE<EAEAEE/EE/A/EE<EEEEEEEEEEE/EEEEEEEEEE/6	CCTGTTGTCAGTGCTATCTCCTCGCGGATCATTAAGACCCCTCGGCGGTTTATAGAGGATGAGGATTATGACCCTCCAATTAAAATTGCCCGATTAGAGTCTACACCGAATAATAGATTCAAAACG
4	0	@NS500151:4:HW7LYBGXY:4:11401:17646:1051:1:N:0:NGACTCCT+ATAGAGAG:ACGGAGGGGGCGA	AAAAAEEEEEEEEEEEEEEEEEEEEEEEEEEEEEEEEEEEEEEEEEEEEEEEEEEEEEEEEEEEEEEEEEEEEEEEEEEEEEEEEEEEEEAEEEEEEEEEEEEEEEEEEEEEE/EEEEAE/EEEEEEEEEEEEEE/EEEAAEEEEE<<EE	GCACCACGAAGTCAACTGCCAGACTCTTCCTCTGCAGGCGCGAGTAGCTGAGTGGCTCCCGGGGCTGCAGCGGCGGCCCCGCAGCTGGGGAGCCCGCGCGCTGGCCGGTCCCCATCCCAGAGCCCACAGCTGCCGTGGAAAGCAGGACTC	@NS500151:4:HW7LYBGXY:4:11401:17646:1051:2:N:0:NGACTCCT+ATAGAGAG:ACGGAGGGGGCGA	EEEEEEEEEEEEEEEEEEEEEEEEEEEEEEEEEEEEEEEEEEEEEEEEEEEEEEEEAEEEEEEEEEEEEEEEEEEE/EEEEEEEE<EEE<EEE/AEEEEEEEEEEEEEEEEEEEEEE<EEEEEAEEE	CTTTCCACGGCAGCTGTGGGCTCTGGGATGGGGACCGGCCAGCGCGCGGGCTCCCCAGCTGCGGGGCCGCCGCTGCAGCCCCGGGAGCCACTCAGCTACTCGCGCCTGCAGAGGAAGAGTCTGGCAG
4	1	@NS500151:4:HW7LYBGXY:4:11401:26076:1051:1:N:0:NGACTCCT+ATAGAGAG:ACGCGGCCCGACA	AAAAAEEEAEEAAEEEEEEEE/EEEAEAEEEEEEEEEEEEEEEEEEEEEEEEEEEEEEEEEEEEEAEEEEEEEEEEEEEEEEEEEEEEEEEEE/EEEAEAEE<A	TGCGGCTGAGCAACTCCTCACATAGAGTCAAGGCATCTTGGGCTCTGCCTGCCTGGATCAGTGCTACCGCTGCCTCCAAAAAGGACTCCAATGTCGGGCCGCGT	@NS500151:4:HW7LYBGXY:4:11401:26076:1051:2:N:0:NGACTCCT+ATAGAGAG:ACGCGGCCCGACA	EEEEEEE/EEEEEE/EEEEEEE/AEE/AAEEEEEEEEEEEEEEEEEEEE/EE/E/EAEAEAEEEEEEEEEEEEAEEEEEAEEEAEEA<EEEEE<E/EE<EE	TTTGGAGGCAGCGGTAGCACTGATCCAGGCAGGCAGAGCCCAAGATGCCTTGACTCTATGTGAGGAGTTGCTCAGCCGCACAAAACGCAATACTGTACATT
4	2	@NS500151:4:HW7LYBGXY:4:11401:11064:1051:1:N:0:GGACTCCT+ATAGAGAG:TGGGCGAGCCGGA	AAAAAEEEEEEEEEEEEEEEEEEEEEEEEEEEEEEEEEEEEEEEEEEEEEEEEEEEEAEEEEEEEEEEEEEEEEEEEEEEEEEEEEEEEEEEEEEEEEEEEEEEEEEEEEEEEEEEEEEEEEEEEEEEEEEEEEEEEEEEEEEEEAE<EE	GGGCGTCACCTGGTGTAGCTTGTAGTAGAGGCCGCAGGCATTGCACACGGGATCCCCACTGGCATTTCTCCGCCACAGTGTCGTGGTGGTCGTCTGGCAGTTGGTGCACTGAGTACCTGCCCGTTTAAGGACTCCAATCCGGCTCGCCCA	@NS500151:4:HW7LYBGXY:4:11401:11064:1051:2:N:0:GGACTCCT+ATAGAGAG:TGGGCGAGCCGGA	EEEEEEEEEEEEEEEEEEEEEEEEEEEEEEEEEEEE<EEEEEEEEEEEEEEEEEEEEEEEEEEEEEEEEEEEEEEEEEEEEEEEEEEEEEEEEEEEEEEEEEEEEEEEEEEEEEEEAEEE/AAAEE	AAACGGGCAGGTACTCAGTGCACCAACTGCCAGACGACCACCACGACACTGTGGCGGAGAAATGCCAGTGGGGATCCCGTGTGCAATGCCTGCGGCCTCTACTACAAGCTACACCAGGTGACGCCC
4	3	@NS500151:4:HW7LYBGXY:4:11401:26257:1052:1:N:0:GGACTCCT+ATAGAGAG:TGATAGGTTGTGA	AAAAAEEEEEEEEEEEEEEEEEEEE/EEEEEAEEAEEEEEEEEEEEEEEEEEAEEEE/AE<EEEEEEEEE/EEEEEEE6/EEEEEEEEEEAAEEEEE/E/EE/EEEEEE<<EEEAAE<EE//EEEEAAEEAEEAEEEE<AA/EEEEEAAA/	GCCCTACTGCATCAGATCCAAGGGAACGAGCCGGAGCCCCTGAACCGTCCGCAGCTCCAGATCCCCCTGGAGCGGCCCCTGGGCGAGGTGTACCTGGACAGCAGCAAGCCCGCCGTGTACAACTACCCCGAGGGCGCCGCCTACGAGTTCA	@NS500151:4:HW7LYBGXY:4:11401:26257:1052:2:N:0:GGACTCCT+ATAGAGAG:TGATAGGTTGTGA	/EEEEEEEEEEEEAEEEEEAE/EEEEEEEEEEEEEEEEEEEEEEEEEEE/EEAEEE/EEAEAAEEEEEEEAEEAEEEEEEEEEAEA/AAEEEEAEEEEEAEEEEEEEEE<EEE<EEEEE/AA/EAEE	AGCCGAACGCCGCAGCCTCAGACCCGGGGCCGTAGGGGAGGCCGGTCTGACCGTAGACCTGCGCGTTGGCGGCGGCCGCGGCGTTGAACTCGTAGGCGGCGCCCTCGGGGTAGTTGTACACGGCGGG
4	4	@NS500151:4:HW7LYBGXY:4:11401:10458:1052:1:N:0:GGACTCCT+ATAGAGAG:GTTTTGTGAGGCA	AAAAAEEEEEEEEEEEEEEEEEEEEEEEEEEEEEEEEEEEEEEEEEEEEEEEEEEEEEEEEEEEEEEEEEEEEEEEAEEEAEEEEEEE/EEEEEEEEEEE6EEEEEEEEEEEEEEE/EAAEEEEEEEEEEEEEAEEEEEAEEEEEEEAEEE	GATCAGAAACTAAAATTTTCTGTTTATATACAGGCCAGGTACATAGGGGGAGGACCCAGTGCTTTTAAGCTTCCACACACAGCGCCGCCCATCTACCTAAACTCTGATTTGAAAGGACCACTAACTGCTGGGGTGAGAGAAGAATATTCGT	@NS500151:4:HW7LYBGXY:4:11401:10458:1052:2:N:0:GGACTCCT+ATAGAGAG:GTTTTGTGAGGCA	EEEEEEEEEEEEEEEEEEEEEEEEEEEEEEEEEEEEEEEEEEEEEEEEEEEEEEEEEEEEEEAEEEEEEEEEEEEEAEEEEEEEEEEEEEEEEEEEEEEEEEEEEEEEEEEEEEEEEEEEEEEEEAE	ATAACGAATATTCTTCTCTCACCCCAGCAGTTAGTGGTCCTTTCAAATCAGAGTTTAGGTAGATGGGCGGCGCTGTGTGTGGAAGCTTAAAAGCACTGGGTCCTCCCCCTATGTACCTGGCCTGTAT
4	5	@NS500151:4:HW7LYBGXY:4:11401:12236:1053:1:N:0:GGACTCCT+ATAGAGAG:AGTAGTACCCCAC	AAAAAEEEEEEEEEEEEEEEEEEEEEEEEEAEEEEEEEEEEEEEEEEAEEEEEEEEEEEEEEEEEEEEEEEEE/EEE6EEEE/EEAEEEEEEEEEEEEEEEEEEEEEEEEEAEEEEE//EEEE<EEEEEEEEEEEEEE/AEEAEEEEEEEE	CGCCCTTGAAAATGAAACTCCCACCTTACCCTTCATTCCAAATTTGGACCGTCGACCATATTTGTTGATCATGACGAAGAGAACCACCAACAGGACACAGGCAAAAGCAGCAAGTCCAACTGCTATGGATACCTGAGGACTCCAATGGGGT	@NS500151:4:HW7LYBGXY:4:11401:12236:1053:2:N:0:GGACTCCT+ATAGAGAG:AGTAGTACCCCAC	EE//E/A<//AAAA/EEE/E/EE/EA<<<EEE/E/EEAA/E/</EAE/<EAA//A<A////E<A/A//EEEEE<EE/E</E/AEEE/EAEE/EE/E//E//E/EE//E/EAEEA///EE/EAEEE/E	GGTATCCATAGCAGTTGGACTTGCTGCTTTTGCCTGTGTCCTGTTGGTGGTTCTCTTCGTCATGATCAACAAATATGGTCGACGGTCCAAATTTGGAATGAAGGGTAAGGTGGGAGTTTAATTTTAA
4	6	@NS500151:4:HW7LYBGXY:4:11401:10651:1053:1:N:0:GGACTCCT+ATAGAGAG:TAAGACGCCGTGA	AAAAAEEEEEEEEEEEEEEEEEEEEEEEEEEEEEEEEEEEEEEEEEEEEEEEEEEEEEEEEEEEEEEEEEEEEEEEEEEEEEEEEAEEEEEEEEEEEEEEEEAEEEEEEEEEEEEEEEEEEEAEAEEEEEE	GGAGTCCAGGACAAAATAAATGAATATTTTTGTCTTGTTAGAGACCCATGATGGAGTCCAGGATATGGCTTGTGATACTTTCATTAAAATAGCCCAAAAATGCCGCAGAGGACTCCAATCACGGCGTCTTA	@NS500151:4:HW7LYBGXY:4:11401:10651:1053:2:N:0:GGACTCCT+ATAGAGAG:TAAGACGCCGTGA	EEEEEEEEEEEEEEEEEEEEEEEEEEEEEEEEEEEEEEEEEEEEEEEEEEEEEEEEEEEEEEEEEEEEEEEEEEEEEEEEEEEEEEEEEEEEEEEEEEEEEEEEEEEEEEEEEEEEEEEEEEEEEEA	TGCGGCATTTTTGGGCTATTTTAATGAAAGTATCACAAGCCATATCCTGGACTCCATCATGGGTCTCTAACAAGACAAAAATATTCATTTATTTTGTCCTGGACTCCCAAAACGCAATACTGTACAT
